Date,Day,Revenue,Revenue_diff
2015-01-02,2,-0.29235551,-0.29235551
2015-01-03,3,-0.327771797,-0.03541628699999999
2015-01-04,4,-0.339987124,-0.012215326999999998
2015-01-05,5,-0.124887516,0.21509960799999997
2015-01-06,6,-0.491589564,-0.36670204799999995
2015-01-07,7,-1.255249811,-0.7636602470000001
2015-01-08,8,-1.896278894,-0.6410290829999998
2015-01-09,9,-1.747259385,0.14901950899999994
2015-01-10,10,-2.129557666,-0.3822982810000002
2015-01-11,11,-2.151421873,-0.02186420699999969
2015-01-12,12,-3.228636996,-1.0772151230000002
2015-01-13,13,-2.82261611,0.4060208860000003
2015-01-14,14,-3.609712765,-0.787096655
2015-01-15,15,-3.398875124,0.2108376409999999
2015-01-16,16,-2.86742462,0.5314505039999999
2015-01-17,17,-2.714606918,0.1528177020000001
2015-01-18,18,-2.021083992,0.693522926
2015-01-19,19,-1.126014167,0.895069825
2015-01-20,20,-0.845545147,0.28046901999999985
2015-01-21,21,-1.187849066,-0.342303919
2015-01-22,22,-1.59336888,-0.40551981400000003
2015-01-23,23,-2.233633574,-0.6402646940000001
2015-01-24,24,-2.982968143,-0.7493345689999997
2015-01-25,25,-3.749676183,-0.7667080400000001
2015-01-26,26,-4.068317954,-0.31864177100000024
2015-01-27,27,-4.172911745,-0.1045937910000001
2015-01-28,28,-4.423298703,-0.250386958
2015-01-29,29,-3.773237316,0.6500613870000005
2015-01-30,30,-3.130365934,0.642871382
2015-01-31,31,-3.066997384,0.06336854999999986
2015-02-01,32,-2.22210903,0.8448883540000001
2015-02-02,33,-1.354650789,0.867458241
2015-02-03,34,-0.4158986,0.9387521889999999
2015-02-04,35,0.088848229,0.504746829
2015-02-05,36,0.986810894,0.897962665
2015-02-06,37,1.072086118,0.0852752240000001
2015-02-07,38,0.57528878,-0.49679733800000003
2015-02-08,39,0.778475881,0.20318710099999993
2015-02-09,40,0.73196193,-0.046513951
2015-02-10,41,1.267407631,0.535445701
2015-02-11,42,1.277651113,0.010243481999999915
2015-02-12,43,1.929653231,0.6520021180000002
2015-02-13,44,1.889880294,-0.039772937000000175
2015-02-14,45,2.117565859,0.22768556500000003
2015-02-15,46,1.508082592,-0.6094832669999999
2015-02-16,47,1.363420928,-0.14466166400000002
2015-02-17,48,1.5739201,0.210499172
2015-02-18,49,2.230154152,0.6562340519999998
2015-02-19,50,2.300218825,0.07006467300000008
2015-02-20,51,2.192618171,-0.10760065400000007
2015-02-21,52,1.688464709,-0.5041534619999999
2015-02-22,53,0.972800561,-0.715664148
2015-02-23,54,0.111183529,-0.8616170320000001
2015-02-24,55,-0.760918283,-0.8721018119999999
2015-02-25,56,-1.136513527,-0.375595244
2015-02-26,57,-1.009243327,0.1272701999999999
2015-02-27,58,-0.796619163,0.21262416400000006
2015-02-28,59,-1.059523171,-0.2629040079999999
2015-03-01,60,-1.356564471,-0.29704130000000006
2015-03-02,61,-0.820546228,0.536018243
2015-03-03,62,-0.210374093,0.610172135
2015-03-04,63,-0.719979082,-0.5096049890000001
2015-03-05,64,-0.975571569,-0.2555924869999999
2015-03-06,65,-0.897997487,0.07757408199999993
2015-03-07,66,-1.482087197,-0.58408971
2015-03-08,67,-1.718531822,-0.23644462500000007
2015-03-09,68,-1.944984194,-0.226452372
2015-03-10,69,-2.081631254,-0.13664705999999982
2015-03-11,70,-1.677598826,0.40403242799999983
2015-03-12,71,-0.857027501,0.8205713250000001
2015-03-13,72,0.138078077,0.995105578
2015-03-14,73,0.292251765,0.154173688
2015-03-15,74,0.715324746,0.42307298099999996
2015-03-16,75,0.999854011,0.2845292650000001
2015-03-17,76,1.382473235,0.3826192239999999
2015-03-18,77,1.779406713,0.396933478
2015-03-19,78,2.527373277,0.7479665640000002
2015-03-20,79,3.035813107,0.5084398299999999
2015-03-21,80,3.162815518,0.12700241099999987
2015-03-22,81,2.567444507,-0.5953710110000001
2015-03-23,82,1.699930964,-0.8675135429999998
2015-03-24,83,1.619725289,-0.08020567499999998
2015-03-25,84,2.15744872,0.5377234310000001
2015-03-26,85,3.336191289,1.1787425689999997
2015-03-27,86,3.823949445,0.48775815599999994
2015-03-28,87,4.295426063,0.47147661800000007
2015-03-29,88,4.646727181,0.3513011180000003
2015-03-30,89,4.178092741,-0.46863443999999976
2015-03-31,90,3.513940459,-0.6641522820000003
2015-04-01,91,3.412366141,-0.10157431799999994
2015-04-02,92,3.310757851,-0.10160829000000016
2015-04-03,93,3.821666585,0.510908734
2015-04-04,94,4.630439832,0.8087732470000004
2015-04-05,95,5.326769228,0.6963293959999994
2015-04-06,96,5.225890661,-0.10087856699999964
2015-04-07,97,5.043154719,-0.18273594199999987
2015-04-08,98,5.145071132,0.10191641299999965
2015-04-09,99,5.220071263,0.07500013100000036
2015-04-10,100,5.850376781,0.6303055179999992
2015-04-11,101,6.09648893,0.246112149
2015-04-12,102,6.12546089,0.028971960000000685
2015-04-13,103,6.823092411,0.6976315209999999
2015-04-14,104,6.44069962,-0.382392791
2015-04-15,105,6.390622651,-0.05007696900000003
2015-04-16,106,5.865701516,-0.5249211350000005
2015-04-17,107,5.354234968,-0.5114665479999996
2015-04-18,108,5.273785113,-0.08044985500000035
2015-04-19,109,5.057449711,-0.21633540199999945
2015-04-20,110,4.834785462,-0.22266424900000015
2015-04-21,111,4.140516377,-0.6942690850000002
2015-04-22,112,3.563623506,-0.5768928710000001
2015-04-23,113,3.616584573,0.05296106700000003
2015-04-24,114,3.698357666,0.08177309300000024
2015-04-25,115,3.621707249,-0.07665041700000019
2015-04-26,116,3.937939575,0.3162323260000002
2015-04-27,117,5.171705719,1.233766144
2015-04-28,118,5.203901617,0.032195897999999445
2015-04-29,119,5.361313731,0.15741211400000044
2015-04-30,120,4.98890073,-0.37241300099999997
2015-05-01,121,4.770444154,-0.21845657600000035
2015-05-02,122,4.900361231,0.129917077
2015-05-03,123,5.053239206,0.152877975
2015-05-04,124,6.006571435,0.9533322289999999
2015-05-05,125,5.930324883,-0.07624655199999975
2015-05-06,126,5.715437659,-0.21488722399999993
2015-05-07,127,5.629035991,-0.08640166799999971
2015-05-08,128,6.489862482,0.8608264910000001
2015-05-09,129,6.712767987,0.22290550499999995
2015-05-10,130,7.197059269,0.48429128200000005
2015-05-11,131,7.036166876,-0.16089239300000013
2015-05-12,132,7.1004112,0.06424432399999969
2015-05-13,133,7.97131468,0.87090348
2015-05-14,134,8.965328681,0.9940140010000009
2015-05-15,135,8.802083408,-0.16324527300000113
2015-05-16,136,9.198883337,0.39679992900000016
2015-05-17,137,9.647997239,0.44911390200000056
2015-05-18,138,10.64242361,0.9944263709999994
2015-05-19,139,10.87305828,0.2306346700000006
2015-05-20,140,10.86136081,-0.011697469999999655
2015-05-21,141,11.10909178,0.24773096999999922
2015-05-22,142,11.15183669,0.04274490999999969
2015-05-23,143,10.57215633,-0.5796803599999993
2015-05-24,144,10.71685029,0.14469395999999968
2015-05-25,145,10.3796089,-0.33724139000000086
2015-05-26,146,10.60628747,0.2266785700000007
2015-05-27,147,10.60806877,0.0017812999999993195
2015-05-28,148,10.63457878,0.02651001000000086
2015-05-29,149,10.89393966,0.2593608799999991
2015-05-30,150,10.82687488,-0.06706477999999905
2015-05-31,151,10.95761761,0.1307427299999997
2015-06-01,152,10.54065737,-0.41696023999999987
2015-06-02,153,10.45554673,-0.0851106399999999
2015-06-03,154,10.59949748,0.14395075000000013
2015-06-04,155,11.04588172,0.44638424000000043
2015-06-05,156,11.52234191,0.4764601899999992
2015-06-06,157,11.34734423,-0.1749976800000006
2015-06-07,158,11.57505258,0.22770835000000034
2015-06-08,159,10.87052261,-0.7045299699999994
2015-06-09,160,10.91859971,0.04807710000000043
2015-06-10,161,11.7289112,0.8103114900000001
2015-06-11,162,12.3552438,0.6263325999999996
2015-06-12,163,12.50978326,0.15453946000000052
2015-06-13,164,13.09759974,0.587816479999999
2015-06-14,165,13.06058006,-0.03701968000000022
2015-06-15,166,13.15472692,0.09414686000000039
2015-06-16,167,13.21953178,0.06480486000000063
2015-06-17,168,13.70950155,0.4899697700000001
2015-06-18,169,14.03037405,0.3208725000000001
2015-06-19,170,14.09952605,0.06915199999999899
2015-06-20,171,13.8102158,-0.28931024999999977
2015-06-21,172,13.53283397,-0.2773818299999995
2015-06-22,173,13.34737095,-0.18546302000000026
2015-06-23,174,13.64552297,0.29815201999999985
2015-06-24,175,13.05270212,-0.5928208500000007
2015-06-25,176,12.54338309,-0.5093190299999986
2015-06-26,177,12.51023704,-0.033146050000000926
2015-06-27,178,11.49645527,-1.0137817699999996
2015-06-28,179,11.0640036,-0.43245167000000073
2015-06-29,180,10.91348824,-0.15051536
2015-06-30,181,11.02021545,0.10672721000000074
2015-07-01,182,11.59504505,0.5748295999999993
2015-07-02,183,11.52909833,-0.06594671999999946
2015-07-03,184,11.21456868,-0.31452965000000077
2015-07-04,185,11.0544345,-0.16013418000000001
2015-07-05,186,11.24443203,0.1899975300000012
2015-07-06,187,11.12431599,-0.12011604000000098
2015-07-07,188,11.67838468,0.5540686900000011
2015-07-08,189,11.5316581,-0.14672658000000105
2015-07-09,190,11.62863107,0.09697297000000127
2015-07-10,191,11.28259614,-0.3460349300000001
2015-07-11,192,11.80001114,0.5174149999999997
2015-07-12,193,10.9893474,-0.8106637400000007
2015-07-13,194,10.50358016,-0.4857672399999995
2015-07-14,195,9.861485686,-0.6420944740000003
2015-07-15,196,10.03416379,0.17267810399999917
2015-07-16,197,10.08627842,0.05211463000000016
2015-07-17,198,9.553115618,-0.5331628019999997
2015-07-18,199,9.41233969,-0.14077592800000005
2015-07-19,200,9.747485639,0.33514594900000105
2015-07-20,201,9.442697611,-0.3047880280000008
2015-07-21,202,9.941014579,0.498316968000001
2015-07-22,203,9.895098199,-0.04591638000000131
2015-07-23,204,9.531749701,-0.3633484979999988
2015-07-24,205,9.248624471,-0.28312523000000134
2015-07-25,206,9.232392818,-0.01623165300000018
2015-07-26,207,9.371470651,0.13907783299999998
2015-07-27,208,10.70447637,1.3330057190000009
2015-07-28,209,10.80789525,0.10341887999999955
2015-07-29,210,10.23711276,-0.5707824899999991
2015-07-30,211,9.386162953,-0.850949807000001
2015-07-31,212,9.596534917,0.21037196400000013
2015-08-01,213,10.26465563,0.6681207130000004
2015-08-02,214,10.52707705,0.2624214200000008
2015-08-03,215,11.31493865,0.7878615999999994
2015-08-04,216,12.11628343,0.8013447799999991
2015-08-05,217,12.01820955,-0.09807387999999939
2015-08-06,218,12.38268926,0.36447970999999946
2015-08-07,219,13.28355365,0.9008643900000006
2015-08-08,220,14.27765592,0.9941022700000008
2015-08-09,221,15.33083155,1.0531756299999984
2015-08-10,222,15.91018951,0.5793579600000012
2015-08-11,223,15.92287096,0.012681449999998762
2015-08-12,224,16.04580246,0.12293150000000175
2015-08-13,225,15.71461819,-0.3311842700000014
2015-08-14,226,15.5261249,-0.18849329000000026
2015-08-15,227,15.53723932,0.01111442000000018
2015-08-16,228,15.5385465,0.0013071800000012956
2015-08-17,229,16.54513094,1.0065844399999992
2015-08-18,230,16.71738749,0.17225655000000017
2015-08-19,231,17.15379376,0.4364062699999991
2015-08-20,232,16.87350767,-0.2802860900000006
2015-08-21,233,16.01998436,-0.8535233099999999
2015-08-22,234,15.74730154,-0.2726828199999982
2015-08-23,235,16.17500206,0.42770052000000014
2015-08-24,236,16.43686264,0.26186058000000045
2015-08-25,237,16.72761626,0.29075362000000027
2015-08-26,238,16.68317242,-0.04444384000000312
2015-08-27,239,16.05986155,-0.6233108699999974
2015-08-28,240,15.95183003,-0.10803152000000082
2015-08-29,241,16.26091436,0.309084330000001
2015-08-30,242,17.51151503,1.2506006700000007
2015-08-31,243,18.124238,0.6127229699999965
2015-09-01,244,18.39935094,0.2751129400000032
2015-09-02,245,18.60895766,0.20960672000000002
2015-09-03,246,19.25965933,0.6507016700000001
2015-09-04,247,19.39897911,0.13931977999999745
2015-09-05,248,19.8167913,0.41781218999999936
2015-09-06,249,20.17202384,0.3552325400000029
2015-09-07,250,20.0292564,-0.14276744000000008
2015-09-08,251,20.48237962,0.4531232199999984
2015-09-09,252,21.24176639,0.759386769999999
2015-09-10,253,21.44107894,0.19931255000000192
2015-09-11,254,21.32805991,-0.11301903000000024
2015-09-12,255,20.52548866,-0.8025712499999997
2015-09-13,256,19.99965124,-0.525837420000002
2015-09-14,257,20.30960671,0.309955470000002
2015-09-15,258,20.76375889,0.4541521799999977
2015-09-16,259,21.18108986,0.41733097000000186
2015-09-17,260,21.73002354,0.5489336800000011
2015-09-18,261,22.38507705,0.6550535099999983
2015-09-19,262,23.27109385,0.8860168000000002
2015-09-20,263,23.10810298,-0.162990869999998
2015-09-21,264,22.80780801,-0.30029497000000305
2015-09-22,265,22.45721597,-0.35059203999999866
2015-09-23,266,23.14323958,0.6860236099999995
2015-09-24,267,24.25454098,1.111301400000002
2015-09-25,268,24.39029659,0.1357556099999968
2015-09-26,269,24.24192076,-0.1483758299999991
2015-09-27,270,23.31085247,-0.9310682899999989
2015-09-28,271,23.11125888,-0.1995935899999992
2015-09-29,272,23.10119411,-0.010064769999999612
2015-09-30,273,23.55154135,0.45034723999999926
2015-10-01,274,23.47918839,-0.07235295999999991
2015-10-02,275,23.58015145,0.100963059999998
2015-10-03,276,23.09946413,-0.4806873199999977
2015-10-04,277,22.50202793,-0.5974362000000006
2015-10-05,278,22.25599684,-0.2460310899999989
2015-10-06,279,21.59646221,-0.6595346300000031
2015-10-07,280,20.80239262,-0.7940695899999994
2015-10-08,281,20.50511703,-0.29727558999999815
2015-10-09,282,20.29541529,-0.20970173999999986
2015-10-10,283,20.38180606,0.08639076999999773
2015-10-11,284,20.52471876,0.14291270000000011
2015-10-12,285,20.77457048,0.24985172000000233
2015-10-13,286,21.75312933,0.9785588499999989
2015-10-14,287,21.40841468,-0.34471465000000023
2015-10-15,288,21.17654981,-0.231864869999999
2015-10-16,289,21.08531565,-0.09123416000000262
2015-10-17,290,20.73978259,-0.3455330599999975
2015-10-18,291,20.7925411,0.052758510000000314
2015-10-19,292,21.60332299,0.8107818899999977
2015-10-20,293,20.78927347,-0.8140495199999975
2015-10-21,294,20.17024472,-0.6190287500000018
2015-10-22,295,19.86818033,-0.3020643899999982
2015-10-23,296,19.77301482,-0.09516551000000106
2015-10-24,297,20.01425707,0.2412422499999991
2015-10-25,298,19.52097882,-0.4932782499999995
2015-10-26,299,18.43814072,-1.0828381
2015-10-27,300,18.64671159,0.20857086999999908
2015-10-28,301,18.95051579,0.30380420000000186
2015-10-29,302,18.83960393,-0.11091186000000164
2015-10-30,303,18.31354062,-0.5260633099999978
2015-10-31,304,17.7969881,-0.5165525200000012
2015-11-01,305,17.81044493,0.013456829999999087
2015-11-02,306,17.68630952,-0.12413541000000095
2015-11-03,307,17.49616085,-0.19014866999999924
2015-11-04,308,17.34578868,-0.1503721700000007
2015-11-05,309,18.23251653,0.8867278500000033
2015-11-06,310,19.42845811,1.1959415799999995
2015-11-07,311,19.57832686,0.14986874999999955
2015-11-08,312,19.73615187,0.15782500999999982
2015-11-09,313,20.13527699,0.3991251200000008
2015-11-10,314,20.08228763,-0.05298936000000154
2015-11-11,315,20.50900464,0.42671701000000084
2015-11-12,316,20.58125915,0.0722545100000005
2015-11-13,317,20.77965065,0.1983914999999996
2015-11-14,318,20.50631922,-0.27333142999999893
2015-11-15,319,20.59477812,0.08845889999999912
2015-11-16,320,20.27971009,-0.3150680300000026
2015-11-17,321,19.94044816,-0.33926192999999927
2015-11-18,322,19.52679262,-0.4136555400000006
2015-11-19,323,19.69555778,0.16876516000000308
2015-11-20,324,19.34297164,-0.3525861400000032
2015-11-21,325,19.42067267,0.07770103000000006
2015-11-22,326,19.78043554,0.35976287000000085
2015-11-23,327,19.87482205,0.09438650999999965
2015-11-24,328,19.07356375,-0.8012582999999971
2015-11-25,329,18.60755878,-0.4660049700000002
2015-11-26,330,18.05845959,-0.5490991900000033
2015-11-27,331,18.04120951,-0.017250079999996615
2015-11-28,332,17.7917894,-0.24942011000000264
2015-11-29,333,17.23307158,-0.5587178199999983
2015-11-30,334,17.26777341,0.03470182999999949
2015-12-01,335,16.77847659,-0.48929681999999985
2015-12-02,336,16.19784221,-0.5806343799999993
2015-12-03,337,15.46408174,-0.7337604700000018
2015-12-04,338,15.44200193,-0.022079809999999256
2015-12-05,339,15.18524849,-0.25675344000000067
2015-12-06,340,15.37956777,0.1943192800000002
2015-12-07,341,15.29980182,-0.07976594999999875
2015-12-08,342,16.43135418,1.1315523599999988
2015-12-09,343,17.39165351,0.9602993300000016
2015-12-10,344,17.41567218,0.024018670000000242
2015-12-11,345,17.07282932,-0.3428428600000011
2015-12-12,346,16.90275916,-0.17007016000000164
2015-12-13,347,16.42152911,-0.4812300499999971
2015-12-14,348,16.27720408,-0.14432503000000096
2015-12-15,349,16.638514,0.36130992000000006
2015-12-16,350,16.66854395,0.030029949999999417
2015-12-17,351,17.59501517,0.9264712199999998
2015-12-18,352,18.40240253,0.8073873599999999
2015-12-19,353,18.93028158,0.5278790499999992
2015-12-20,354,19.07474653,0.1444649499999997
2015-12-21,355,18.93172244,-0.14302408999999727
2015-12-22,356,18.52257206,-0.4091503799999998
2015-12-23,357,18.3513253,-0.1712467600000025
2015-12-24,358,18.83294272,0.4816174199999992
2015-12-25,359,19.61689989,0.7839571700000008
2015-12-26,360,19.96263596,0.34573607000000095
2015-12-27,361,20.015708,0.05307203999999999
2015-12-28,362,19.5663195,-0.4493885000000013
2015-12-29,363,19.13766496,-0.42865454000000014
2015-12-30,364,19.41546546,0.27780050000000145
2015-12-31,365,19.41141311,-0.0040523499999984836
2016-01-01,366,20.27007344,0.8586603299999993
2016-01-02,367,21.05455237,0.7844789299999988
2016-01-03,368,20.80103975,-0.25351261999999863
2016-01-04,369,20.49621756,-0.30482218999999944
2016-01-05,370,20.3322933,-0.1639242600000017
2016-01-06,371,20.76331504,0.4310217399999985
2016-01-07,372,20.64435316,-0.11896187999999697
2016-01-08,373,20.00703063,-0.6373225300000023
2016-01-09,374,19.66406306,-0.342967569999999
2016-01-10,375,18.85381876,-0.8102443000000008
2016-01-11,376,19.06842115,0.2146023899999996
2016-01-12,377,19.12768412,0.05926297000000247
2016-01-13,378,19.62877239,0.5010882700000003
2016-01-14,379,19.32234915,-0.3064232400000009
2016-01-15,380,19.1164787,-0.2058704500000026
2016-01-16,381,19.12648854,0.010009840000002157
2016-01-17,382,18.98216135,-0.14432719000000205
2016-01-18,383,19.10488759,0.1227262400000022
2016-01-19,384,19.149343,0.04445540999999764
2016-01-20,385,18.48729895,-0.6620440499999987
2016-01-21,386,18.04310885,-0.44419010000000014
2016-01-22,387,18.1742021,0.13109324999999927
2016-01-23,388,18.18266181,0.008459710000000342
2016-01-24,389,17.93060759,-0.252054219999998
2016-01-25,390,17.50659816,-0.4240094300000017
2016-01-26,391,16.62133727,-0.8852608899999979
2016-01-27,392,16.24655262,-0.3747846500000023
2016-01-28,393,16.5833559,0.3368032800000016
2016-01-29,394,16.54067996,-0.0426759400000023
2016-01-30,395,16.41540223,-0.12527772999999698
2016-01-31,396,15.83245152,-0.5829507100000022
2016-02-01,397,15.18698149,-0.6454700299999985
2016-02-02,398,15.53459058,0.34760908999999884
2016-02-03,399,15.94869702,0.4141064399999994
2016-02-04,400,16.28489266,0.33619564000000146
2016-02-05,401,16.2192301,-0.06566255999999981
2016-02-06,402,16.630146,0.4109158999999991
2016-02-07,403,16.07062587,-0.5595201299999992
2016-02-08,404,15.83854691,-0.23207896000000083
2016-02-09,405,15.74525264,-0.09329426999999946
2016-02-10,406,14.86282361,-0.8824290300000008
2016-02-11,407,15.11712332,0.25429970999999973
2016-02-12,408,15.2353767,0.11825338000000052
2016-02-13,409,15.33383198,0.09845527999999959
2016-02-14,410,15.3280901,-0.005741879999998645
2016-02-15,411,15.2155601,-0.11253000000000135
2016-02-16,412,15.13816135,-0.07739874999999863
2016-02-17,413,14.62520662,-0.5129547300000006
2016-02-18,414,14.1689625,-0.4562441200000009
2016-02-19,415,14.03718789,-0.13177460999999902
2016-02-20,416,13.20456728,-0.8326206100000011
2016-02-21,417,12.87170405,-0.3328632299999992
2016-02-22,418,12.37203938,-0.4996646699999996
2016-02-23,419,13.00860339,0.636564009999999
2016-02-24,420,12.34727803,-0.6613253599999993
2016-02-25,421,12.85895013,0.5116721000000002
2016-02-26,422,12.78861272,-0.07033741000000049
2016-02-27,423,13.44318655,0.6545738300000004
2016-02-28,424,13.85685512,0.41366857000000046
2016-02-29,425,14.2203046,0.3634494799999999
2016-03-01,426,15.01732959,0.7970249899999988
2016-03-02,427,15.63499339,0.6176638000000008
2016-03-03,428,15.20822077,-0.4267726199999995
2016-03-04,429,15.11372339,-0.09449737999999996
2016-03-05,430,14.49483878,-0.6188846100000003
2016-03-06,431,13.68868211,-0.80615667
2016-03-07,432,13.90632746,0.21764534999999974
2016-03-08,433,13.7550213,-0.15130616000000074
2016-03-09,434,14.72506461,0.9700433100000012
2016-03-10,435,14.37025704,-0.3548075700000002
2016-03-11,436,14.55664976,0.18639272000000062
2016-03-12,437,14.82437591,0.26772614999999966
2016-03-13,438,14.66020382,-0.164172090000001
2016-03-14,439,14.32523093,-0.3349728899999995
2016-03-15,440,14.35321911,0.027988179999999474
2016-03-16,441,14.11550898,-0.23771012999999996
2016-03-17,442,14.23111643,0.11560745000000061
2016-03-18,443,14.07643074,-0.15468569000000087
2016-03-19,444,14.47678687,0.4003561300000005
2016-03-20,445,14.97897336,0.5021864899999997
2016-03-21,446,15.33220256,0.35322920000000124
2016-03-22,447,15.78830544,0.45610287999999954
2016-03-23,448,16.32930792,0.5410024800000013
2016-03-24,449,17.02116113,0.6918532099999979
2016-03-25,450,17.64796359,0.6268024600000004
2016-03-26,451,17.45235266,-0.19561093000000085
2016-03-27,452,17.67754922,0.22519656000000055
2016-03-28,453,18.53468087,0.8571316499999995
2016-03-29,454,19.28679632,0.7521154500000016
2016-03-30,455,19.92268506,0.6358887399999986
2016-03-31,456,19.94592829,0.023243230000002058
2016-04-01,457,19.88401812,-0.061910170000000875
2016-04-02,458,19.37368176,-0.5103363600000002
2016-04-03,459,18.96268644,-0.4109953200000014
2016-04-04,460,19.30021638,0.3375299399999996
2016-04-05,461,19.90994029,0.6097239100000031
2016-04-06,462,19.98600966,0.07606936999999903
2016-04-07,463,20.15257227,0.16656260999999972
2016-04-08,464,20.65639748,0.5038252099999987
2016-04-09,465,20.24764509,-0.4087523900000001
2016-04-10,466,20.35840064,0.11075555000000037
2016-04-11,467,20.40599677,0.04759613000000229
2016-04-12,468,20.78899362,0.38299684999999783
2016-04-13,469,21.32369036,0.5346967400000011
2016-04-14,470,21.91210454,0.5884141800000009
2016-04-15,471,22.76537315,0.8532686099999971
2016-04-16,472,23.65651901,0.8911458600000017
2016-04-17,473,24.28427461,0.6277556000000004
2016-04-18,474,24.71991579,0.43564118000000107
2016-04-19,475,24.70219109,-0.017724700000002258
2016-04-20,476,24.34441654,-0.35777454999999847
2016-04-21,477,23.90215996,-0.44225658000000223
2016-04-22,478,24.28728824,0.38512828
2016-04-23,479,24.36337379,0.07608555000000194
2016-04-24,480,24.59267678,0.22930299000000076
2016-04-25,481,24.7864866,0.19380981999999847
2016-04-26,482,24.40179138,-0.3846952200000011
2016-04-27,483,24.22407458,-0.1777167999999989
2016-04-28,484,24.50485315,0.28077856999999895
2016-04-29,485,24.73754444,0.23269129000000177
2016-04-30,486,24.2238125,-0.5137319399999996
2016-05-01,487,24.79224925,0.56843675
2016-05-02,488,24.50223685,-0.29001240000000195
2016-05-03,489,24.32510579,-0.17713106000000067
2016-05-04,490,23.68528079,-0.6398249999999983
2016-05-05,491,23.96667888,0.2813980899999997
2016-05-06,492,23.37814612,-0.5885327599999997
2016-05-07,493,22.97179742,-0.4063486999999988
2016-05-08,494,22.77963895,-0.19215847000000252
2016-05-09,495,22.38191492,-0.3977240299999991
2016-05-10,496,22.45540878,0.07349385999999924
2016-05-11,497,22.30188749,-0.15352129000000048
2016-05-12,498,20.93709085,-1.364796639999998
2016-05-13,499,20.22934582,-0.7077450300000017
2016-05-14,500,20.31748124,0.08813542000000041
2016-05-15,501,19.38642381,-0.9310574299999992
2016-05-16,502,19.34715037,-0.03927343999999877
2016-05-17,503,19.41952252,0.07237214999999964
2016-05-18,504,19.74993909,0.3304165700000006
2016-05-19,505,19.88512288,0.13518378999999925
2016-05-20,506,20.39561487,0.5104919899999985
2016-05-21,507,20.88758605,0.4919711800000002
2016-05-22,508,21.11584642,0.228260370000001
2016-05-23,509,21.70557599,0.5897295699999994
2016-05-24,510,21.98160523,0.27602923999999973
2016-05-25,511,21.6392907,-0.34231452999999945
2016-05-26,512,21.45086723,-0.18842347000000004
2016-05-27,513,21.21678023,-0.23408699999999882
2016-05-28,514,20.84265813,-0.374122100000001
2016-05-29,515,21.39243097,0.5497728399999993
2016-05-30,516,22.07355692,0.681125950000002
2016-05-31,517,22.55416754,0.4806106200000002
2016-06-01,518,22.04989146,-0.5042760800000003
2016-06-02,519,21.52657776,-0.5233137000000028
2016-06-03,520,20.84716909,-0.6794086699999973
2016-06-04,521,20.89004436,0.04287526999999969
2016-06-05,522,20.95616966,0.0661252999999995
2016-06-06,523,21.36993978,0.4137701199999988
2016-06-07,524,20.85181211,-0.5181276699999984
2016-06-08,525,20.82123696,-0.03057515000000066
2016-06-09,526,21.54594731,0.7247103499999987
2016-06-10,527,20.97035542,-0.5755918899999983
2016-06-11,528,20.61429967,-0.35605574999999945
2016-06-12,529,19.18423803,-1.4300616400000017
2016-06-13,530,18.23379502,-0.9504430100000008
2016-06-14,531,17.01067089,-1.2231241299999986
2016-06-15,532,15.52168674,-1.4889841500000003
2016-06-16,533,14.6828052,-0.8388815399999991
2016-06-17,534,14.26711828,-0.4156869200000006
2016-06-18,535,14.257161,-0.009957280000000068
2016-06-19,536,14.3352613,0.0781003000000009
2016-06-20,537,13.99599107,-0.33927023000000034
2016-06-21,538,13.34591973,-0.6500713400000002
2016-06-22,539,12.22730918,-1.1186105499999996
2016-06-23,540,12.33249832,0.10518913999999846
2016-06-24,541,12.37732752,0.04482920000000057
2016-06-25,542,12.62458427,0.24725675000000003
2016-06-26,543,12.81438984,0.18980557000000076
2016-06-27,544,12.97291726,0.15852741999999864
2016-06-28,545,12.5651837,-0.4077335599999987
2016-06-29,546,11.87861291,-0.6865707900000011
2016-06-30,547,12.05844579,0.17983288000000108
2016-07-01,548,12.18031969,0.12187389999999887
2016-07-02,549,12.8532165,0.672896810000001
2016-07-03,550,13.43787156,0.5846550599999993
2016-07-04,551,13.87645903,0.43858746999999987
2016-07-05,552,14.30220212,0.425743090000001
2016-07-06,553,15.06566591,0.7634637899999994
2016-07-07,554,15.21174805,0.14608214000000075
2016-07-08,555,14.93010045,-0.2816476000000012
2016-07-09,556,14.88542803,-0.04467241999999949
2016-07-10,557,14.81785462,-0.06757340999999961
2016-07-11,558,15.07030357,0.2524489499999998
2016-07-12,559,15.54372397,0.4734204000000002
2016-07-13,560,16.08853531,0.5448113400000008
2016-07-14,561,16.6956959,0.6071605899999994
2016-07-15,562,16.66404928,-0.03164662000000007
2016-07-16,563,16.73611598,0.0720667000000006
2016-07-17,564,17.60434655,0.8682305699999979
2016-07-18,565,17.78580525,0.1814587000000003
2016-07-19,566,18.11695901,0.3311537599999994
2016-07-20,567,18.31833304,0.2013740300000002
2016-07-21,568,19.15812589,0.839792850000002
2016-07-22,569,19.56843926,0.4103133700000008
2016-07-23,570,20.45844332,0.890004059999999
2016-07-24,571,20.43089703,-0.027546290000000084
2016-07-25,572,20.16155368,-0.26934334999999976
2016-07-26,573,20.33122453,0.16967084999999926
2016-07-27,574,20.69256668,0.3613421499999987
2016-07-28,575,20.16570973,-0.5268569499999991
2016-07-29,576,20.10815508,-0.05755465000000015
2016-07-30,577,19.53625416,-0.5719009200000009
2016-07-31,578,19.86755397,0.33129981000000086
2016-08-01,579,20.0225905,0.15503653000000028
2016-08-02,580,19.78263543,-0.2399550700000006
2016-08-03,581,19.08826542,-0.6943700100000001
2016-08-04,582,18.80550091,-0.2827645099999998
2016-08-05,583,18.91023263,0.1047317200000002
2016-08-06,584,19.18608936,0.275856730000001
2016-08-07,585,19.31273398,0.12664462000000043
